Dataset,RMSE,R²
Train,0.30416083,0.06162518258843508
Test,0.30369285,0.056629896026758386
