Dataset,RMSE,R²
Train,0.3038226,0.0629535262823725
Test,0.30592656,0.04575912711323493
