Dataset,RMSE,R²
Train,0.3030869,0.06423877319283211
Test,0.30633926,0.056402555019149925
