Dataset,RMSE,R²
Train,0.30328164,0.06317798437303956
Test,0.30704385,0.05144514207809392
