Dataset,RMSE,R²
Train,0.30397674,0.0635585827498637
Test,0.30340195,0.054913213085211465
