Dataset,RMSE,R²
Train,0.19986635,0.5247557212925478
Test,0.30098355,-0.02884813669881514
