Dataset,RMSE,R²
Train,0.20146099,0.5214966513168192
Test,0.3127888,-0.15161719480248115
