Dataset,RMSE,R²
Train,0.21553165,0.450247479225132
Test,0.30810615,-0.1005299913171449
