Dataset,RMSE,R²
Train,0.19650593,0.545708224662724
Test,0.31919742,-0.20847008302248393
