Dataset,RMSE,R²
Train,0.21629898,0.4557399079199923
Test,0.28817832,-0.034934842093892415
