Dataset,RMSE,R²
Train,0.1423111,0.7433754079432947
Test,0.2725029,0.07427911714844337
