Dataset,RMSE,R²
Train,0.14226446,0.73831495759517
Test,0.27673432,0.1118585478432822
