Dataset,RMSE,R²
Train,0.1512169,0.7140070551043045
Test,0.27508506,-0.0033684766597950055
