Dataset,RMSE,R²
Train,0.235248,0.36305590266352117
Test,0.28598937,0.05865272776562469
