Dataset,RMSE,R²
Train,0.24394676,0.3242535379229484
Test,0.27146482,0.10395663919395093
