Dataset,RMSE,R²
Train,0.24167348,0.3262829073538941
Test,0.2813552,0.09437689985396325
