Dataset,RMSE,R²
Train,0.23761037,0.33701147027907186
Test,0.28431004,0.13851635378874083
