Dataset,RMSE,R²
Train,0.24007402,0.34272560787042405
Test,0.2859421,0.02101385154619595
