Dataset,RMSE,R²
Train,0.14982149,0.7683048952259783
Test,0.3758269,-0.18031399801009473
