Dataset,RMSE,R²
Train,0.049353033,0.9691362700895857
Test,0.29116866,-0.05688312515684402
