Dataset,RMSE,R²
Train,0.039914727,0.9800739577464712
Test,0.2752278,-0.004409944070195904
