Dataset,RMSE,R²
Train,0.12291384,0.8067583192298068
Test,0.2862599,0.013187825881995185
