Dataset,RMSE,R²
Train,0.21296328,0.46043101703205214
Test,0.28231636,0.09481398837529886
