Dataset,RMSE,R²
Train,0.21571922,0.4586536292119947
Test,0.2827174,0.003917146508975122
