Dataset,RMSE,R²
Train,0.21454163,0.45734199984103185
Test,0.28886786,0.017790532122164637
