Dataset,RMSE,R²
Train,0.21864745,0.4375649718606164
Test,0.28242248,0.053946639426669885
