Dataset,RMSE,R²
Train,0.2116011,0.47011588066376775
Test,0.2896953,0.027064630129200684
