Dataset,RMSE,R²
Train,0.13406347,0.7793113344708908
Test,0.27616587,-0.08744021647538558
