Dataset,RMSE,R²
Train,0.12681471,0.7942979830846523
Test,0.26855138,0.13150308265103106
