Dataset,RMSE,R²
Train,0.12458395,0.803326936973162
Test,0.2805276,0.01895502588328335
