Dataset,RMSE,R²
Train,0.12539421,0.7966982839748471
Test,0.2772971,0.10824244384024939
