Dataset,RMSE,R²
Train,0.37634468,0.46978467688860603
Test,0.5890523,-0.05157843125545325
