Dataset,RMSE,R²
Train,0.4480375,0.2699194094337417
Test,0.56022525,-0.049643296424650485
