Dataset,RMSE,R²
Train,0.40104935,0.42896156238855787
Test,0.5409375,-0.07227711177426022
