Dataset,RMSE,R²
Train,0.4285431,0.3711728224994799
Test,0.5198596,-0.18040228280024695
