Dataset,RMSE,R²
Train,0.41884643,0.38180713661161125
Test,0.52988696,-0.06606142572130147
