Dataset,RMSE,R²
Train,0.57695633,-0.0013370415605407082
Test,0.57987064,-0.00025880986510551374
