Dataset,RMSE,R²
Train,0.5785762,-1.1968376130822023e-05
Test,0.571846,-0.0002509487613986394
