Dataset,RMSE,R²
Train,0.576882,-8.691501351365538e-05
Test,0.57875776,-3.075949990072324e-05
