Dataset,RMSE,R²
Train,0.5770838,-8.89203929868021e-05
Test,0.5779329,-9.138259815522076e-07
