Dataset,RMSE,R²
Train,0.57711136,-1.2602387235993717e-06
Test,0.5777445,-4.983843659100984e-05
