Dataset,RMSE,R²
Train,0.27117437,0.7482093249870572
Test,0.63456714,-0.7587861228113519
