Dataset,RMSE,R²
Train,0.269701,0.7354503854219574
Test,0.62265295,-0.29660731548601627
