Dataset,RMSE,R²
Train,0.26347896,0.7535313689986303
Test,0.6500499,-0.5484824793938528
