Dataset,RMSE,R²
Train,0.26522374,0.7366668454082747
Test,0.62193054,-0.17224318508044756
