Dataset,RMSE,R²
Train,0.2739419,0.7355574657705828
Test,0.64701,-0.5894168201350523
