Dataset,RMSE,R²
Train,0.22676599,0.403723758923637
Test,0.2839105,0.027229771567268357
