Dataset,RMSE,R²
Train,0.22933142,0.37789675501905684
Test,0.29389185,0.03811931991061257
