Dataset,RMSE,R²
Train,0.21633251,0.44941937626819606
Test,0.28043362,0.10374718520358694
