Dataset,RMSE,R²
Train,0.21486785,0.4602390799545235
Test,0.28709704,0.038744121629441186
