Dataset,RMSE,R²
Train,0.22451662,0.4180705773542771
Test,0.27408245,0.07692571058761721
