Dataset,RMSE,R²
Train,0.27677414,0.713231314432685
Test,0.59754974,-0.08213658228542009
