Dataset,RMSE,R²
Train,0.2746707,0.7321482995147314
Test,0.6156615,-0.3889828684423571
