Dataset,RMSE,R²
Train,0.28315717,0.7174668085796587
Test,0.6232097,-0.4746339779005524
