Dataset,RMSE,R²
Train,0.28838736,0.7152296905525696
Test,0.58248097,-0.4819083743980428
