Dataset,RMSE,R²
Train,0.28163534,0.7115195711808606
Test,0.6067922,-0.23139229721698729
