Dataset,RMSE,R²
Train,0.19040035,0.5709770183016402
Test,0.29566142,-0.013422301582749263
