Dataset,RMSE,R²
Train,0.196386,0.5462626308407468
Test,0.2980833,-0.05388302667244704
