Dataset,RMSE,R²
Train,0.19425125,0.5510839119911408
Test,0.29155037,0.034631854975307075
