Dataset,RMSE,R²
Train,0.19558983,0.5489802106973067
Test,0.29405284,-0.017785864091395487
