Dataset,RMSE,R²
Train,0.1928191,0.5674885229522282
Test,0.2843058,-0.007306892055072733
