Dataset,RMSE,R²
Train,0.14329927,0.7397991944454987
Test,0.273976,0.06424362040931209
