Dataset,RMSE,R²
Train,0.15162481,0.7027467253892021
Test,0.26850662,0.16388499654305966
