Dataset,RMSE,R²
Train,0.21879542,0.4915752965289639
Test,0.31461382,0.019844406802184134
