Dataset,RMSE,R²
Train,0.23048134,0.45293109654118224
Test,0.2951207,0.024167530061139142
