Dataset,RMSE,R²
Train,0.21929766,0.4908637247013917
Test,0.3176089,-0.01096398332996218
