Dataset,RMSE,R²
Train,0.22249632,0.4885418592529688
Test,0.29687715,0.026351623825263792
