Dataset,RMSE,R²
Train,0.22504136,0.46786277508271534
Test,0.29640353,0.09416422752733722
